pavadinimas,agentura,datos
HILA 2,Trendmark,2025-01-27-2025-10-19
HILA 3,Trendmark,2025-01-27-2025-10-19
HILA 4,Trendmark,2025-01-27-2025-10-19
HILA 5,Trendmark,2025-01-27-2025-10-19
HILA 6,Trendmark,2025-01-27-2025-10-19
HILA 7,Trendmark,2025-01-27-2025-10-19
HILA 8,Trendmark,2025-01-27-2025-10-19
HILA 9,Trendmark,2025-01-27-2025-10-19
HILA 10,Trendmark,2025-01-27-2025-10-19
HILA 11,Trendmark,2025-01-27-2025-10-19
HILA 12,Trendmark,2025-01-27-2025-10-19
HILA 13,Trendmark,2025-01-27-2025-10-19
HILA 14,Trendmark,2025-01-27-2025-10-19
HILA 15,Trendmark,2025-01-27-2025-10-19
HILA 16,Trendmark,2025-01-27-2025-10-19
HILA 17,Trendmark,2025-01-27-2025-10-19
HILA 18,Trendmark,2025-01-27-2025-10-19
HILA 19,Trendmark,2025-01-27-2025-10-19
HILA 20,Trendmark,2025-01-27-2025-10-19
HILA 21,Trendmark,2025-01-27-2025-10-19
HILA 22,Trendmark,2025-01-27-2025-10-19
HILA 23,Trendmark,2025-01-27-2025-10-19
HILA 24,Trendmark,2025-01-27-2025-10-19
HILA 25,Trendmark,2025-01-27-2025-10-19
HILA 26,Trendmark,2025-01-27-2025-10-19
